{
    "loss": 0.6185319423675537,
    "accuracy": 0.9482758641242981
}